{
    "action_auto_next_step": true,
    "analyze_show_stat_detail": true,
    "output_path": null,
    "path_root": "",
    "path_index": "",
    "path_additional_parm": "",
    "pdf_engine": false,
    "pdf_cov_format": "jpg",
    "pdf_dpi": 300,
    "ocr_tessdata_path": "./tessdata/default/.",
    "ocr_default_lang": "chi_sim",
    "analyze_num_wanted": 0,
    "analyze_extractor": "tf-idf",
    "analyze_ALLOW": [
        "n",
        "nr",
        "PER",
        "nz",
        "ns",
        "LOC",
        "s",
        "nt",
        "ORG",
        "nw"
    ],
    "analyze_suggestion": [],
    "analyze_whitelist": [],
    "analyze_blacklist": [],
    "analyze_stat_analyzer": "trend_analyzer"
}